"","week","units.car.pick.2010","units.car.pick.2011","hours.car.pick.2010","hours.car.pick.2011","direct.hours.car.pick.2010","direct.hours.car.pick.2011","indirect.hours.car.pick.2010","indirect.hours.car.pick.2011","rate.car.pick.2011","units.car.putaway.2010","units.car.putaway.2011","hours.car.putaway.2010","hours.car.putaway.2011","direct.hours.car.putaway.2010","direct.hours.car.putaway.2011","indirect.hours.car.putaway.2010","indirect.hours.car.putaway.2011","rate.car.putaway.2010","rate.car.putaway.2011","units.inbound.2010","units.inbound.2011","hours.inbound.2010","hours.inbound.2011","rate.inbound.2010","rate.inbound.2011","units.multis.2010","units.multis.2011","hours.multis.2010","hours.multis.2011","direct.hours.multis.2010","direct.hours.multis.2011","indirect.hours.multis.2010","indirect.hours.multis.2011","rate.multis.2010","rate.multis.2011","units.outbound.2010","units.outbound.2011","hours.outbound.2010","hours.outbound.2011","rate.outbound.2010","rate.outbound.2011","units.receive.2010","units.receive.2011","hours.receive.2010","hours.receive.2011","direct.hours.receive.2010","direct.hours.receive.2011","indirect.hours.receive.2010","indirect.hours.receive.2011","rate.receive.2010","rate.receive.2011","units.returns.2010","units.returns.2011","hours.returns.2010","hours.returns.2011","direct.hours.returns.2010","direct.hours.returns.2011","indirect.hours.returns.2010","indirect.hours.returns.2011","rate.returns.2010","rate.returns.2011","units.shipping.2010","units.shipping.2011","hours.shipping.2010","hours.shipping.2011","rate.shipping.2010","rate.shipping.2011","units.singles.2010","units.singles.2011","hours.singles.2010","hours.singles.2011","direct.hours.singles.2010","direct.hours.singles.2011","indirect.hours.singles.2010","indirect.hours.singles.2011","rate.singles.2010","rate.singles.2011","units.singulate.2011","hours.singulate.2011","rate.singulate.2011","units.static.picking.2010","units.static.picking.2011","hours.static.picking.2010","hours.static.picking.2011","direct.hours.static.picking.2010","direct.hours.static.picking.2011","indirect.hours.static.picking.2010","indirect.hours.static.picking.2011","rate.static.picking.2010","rate.static.picking.2011","units.static.putaway.2010","units.static.putaway.2011","hours.static.putaway.2010","hours.static.putaway.2011","direct.hours.static.putaway.2010","direct.hours.static.putaway.2011","indirect.hours.static.putaway.2010","indirect.hours.static.putaway.2011","rate.static.putaway.2010","rate.static.putaway.2011","all.indirect","indirect.hours.all.2011","all.direct","direct.hours.all.2011","outbound.indirect","indirect.hours.outbound.2011","outbound.direct","direct.hours.outbound.2011","indirect.hours.outbound.2010","direct.hours.outbound.2010","indirect.hours.inbound.2011","direct.hours.inbound.2011","indirect.hours.inbound.2010","direct.hours.inbound.2010","rate.picking.2010","rate.picking.2011","rate.putaway.2010","rate.putaway.2011","hours.problem.solve.singles.2010","hours.problem.solve.singles.2011","hours.problem.solve.multis.2010","hours.problem.solve.multis.2011","hours.problem.solve.carousel.picking.2010","hours.problem.solve.carousel.picking.2011","hours.problem.solve.static.picking.2010","hours.problem.solve.static.picking.2011","hours.problem.solve.carousel.putaway.2010","hours.problem.solve.carousel.putaway.2011","hours.problem.solve.static.putaway.2010","hours.problem.solve.static.putaway.2011","hours.problem.solve.2010","hours.problem.solve.2011"
"1",1,77643,62929,387.9599,331.9,282.7399,238.41,105.22,93.49,189.6,134804,93543,426,374.2219,426,272.5599,0,101.662,316.44,249.97,350463,442587,7657.17,12657.1845,45.77,34.97,96780,123089,1600.872,2304.08,1274.26,1731.23,326.612,572.85,60.45,53.42,267089,296566,7263.6991,10329.755,36.77,28.71,241091,254857,1678.25,1594.49,1167.44,1154.03,510.81,440.46,143.66,159.84,109372,187730,4197.5,8403.79,3140.805,6677.21,1056.695,1726.58,26.06,22.34,267089,296566,944.905,1122.17,282.66,264.28,110338,170683,1295.352,1903.58,893.44,1129.33,401.912,774.25,85.18,89.66,NA,NA,NA,168035,206120,2125.9322,3255.065,1806.8542,2811.41,319.078,443.655,79.04,63.32,196566,284878,1259,2284.6826,1259,1844.8298,0,439.8528,156.13,124.69,4592.7998,4592.7998,15859.0097,15859.0097,1884.245,1884.245,5910.38,5910.38,1152.822,4257.2941,2708.5548,9948.6297,1567.505,5993.245,97.728140360519,75.0074227097281,196.658753709199,142.32214808768,79.66,108.5,58.13,129.12,30.625,30.25,141.2548,106.08,0,5.1211,0,32.5,309.6698,411.5711
"2",2,94087,79204,479.175,376.845,326.55,267.4,152.625,109.445,210.18,154344,82157,525.75,305.881,525.75,193.095,0,112.786,293.57,268.59,450140,516002,10344.09,12521.7867,43.52,41.21,108720,156539,1788.487,2904.94,1429.39,2188.32,359.097,716.62,60.79,53.89,310528,393488,8571.066,13078.435,36.23,30.09,300810,342660,2238.27,2335.7016,1593.73,1554.0097,644.54,781.6919,134.39,146.71,149330,173342,5818.82,7020.133,3926.435,5548.9523,1892.385,1471.1807,25.66,24.69,310528,393488,1107.4,1522,280.41,258.53,118861,248118,1419.667,2532.5,928.33,1587.08,491.337,945.42,83.72,97.97,NA,NA,NA,192040,283501,2498.185,3704.28,2175.99,3272.16,322.195,432.12,76.87,76.53,285734,365472,1740.75,2860.0711,1740.75,2353.0954,0,506.9757,164.14,127.78,5076.2393,5076.2393,16964.1124,16964.1124,2203.605,2203.605,7314.96,7314.96,1325.254,4860.26,2872.6343,9649.1524,2536.925,7786.665,96.1009081871188,88.8737786762229,194.166335759982,141.388430987317,96.79,141.5,51.22,165.25,40.585,29.32,140.305,144.745,0,5.25,0,24.75,328.9,510.815
"3",3,94114,71567,482.97,343.3125,332.935,247.6875,150.035,95.625,208.46,102381,51674,368.75,214.3124,368.75,162.7206,0,51.5918,277.64,241.12,346788,438098,7489.35,9903.8557,46.3,44.24,109773,154436,1881.933,2820.575,1446.425,2079.08,435.508,741.495,58.33,54.75,294889,350884,8370.363,11526.3,35.23,30.44,241612,295647,1860.1,1883.69,1364.27,1350.73,495.83,532.96,129.89,156.95,105176,142451,3805.5,5374.6603,2719.37,4316.2006,1086.13,1058.4597,27.64,26.5,294889,350884,1101.03,1256.84,267.83,279.18,107337,197572,1289.47,2118.08,832.93,1192.5,456.54,925.58,83.24,93.28,NA,NA,NA,179611,245687,2312.72,3140.4825,1991.58,2774.2325,321.14,366.25,77.66,78.23,238211,343567,1455,2431.193,1455,2013.4735,0,417.7195,163.72,141.32,4189.681,4189.681,14136.6247,14136.6247,2128.95,2128.95,6293.5,6293.5,1363.223,4603.87,2060.731,7843.1247,1581.96,5907.39,97.9096394807722,91.065633884887,186.753666895134,149.400942443739,89.21,133.75,65.04,130,38.825,10.75,96.55,154.375,0,2.5,0,35,289.625,466.375
"4",4,92335,68159,432.21,320.505,297.35,225.63,134.86,94.875,212.66,100708,55404,351.2,230.8725,351.2,159.6858,0,71.1867,286.75,239.98,316430,354777,6523.93,8707.6006,48.5,40.74,107123,146079,1762.845,2761.26,1405.37,2095.06,357.475,666.2,60.77,52.9,282643,351139,8208.655,11088.399,34.43,31.67,227793,218933,1806.48,1401.91,1270.29,1086.54,536.19,315.37,126.1,156.17,88637,135844,2981.99,5145.1329,2379.03,4118.2858,602.96,1026.8471,29.72,26.4,282643,351139,1059.79,1215.41,266.7,288.91,98789,157714,1207.835,2061.74,772.54,1240.66,435.295,821.08,81.79,76.5,NA,NA,NA,180919,251248,2418.15,3082.16,2007.95,2757.46,410.2,324.7,74.82,81.52,210177,251675,1352.25,1929.6852,1352.25,1451.4327,0,478.2525,155.43,130.42,3798.5113,3798.5113,13134.7543,13134.7543,1906.855,1906.855,6318.81,6318.81,1337.83,4483.21,1891.6563,6815.9443,1139.15,5352.77,95.8664870402335,93.8696580474422,182.503155361179,142.129506654694,100.23,132.08,74.05,114.25,30.805,28.125,222.105,104.125,0,3.75,0,21.71,427.19,404.04
"5",5,102686,75344,488.82,338.67,350.64,254.865,138.18,83.805,222.47,126948,119859,416.75,518.4267,416.75,376.3689,0,142.0578,304.61,231.2,355366,446226,6618.47,8275.4715,53.69,53.92,127680,144678,2175.769,2624.06,1708.7,1920.37,467.069,703.69,58.68,55.14,313759,357220,9191.403,11106.065,34.14,32.16,262811,336601,1878.05,1981.1192,1303.2,1354.92,574.85,626.1992,139.94,169.9,92555,109625,2969.17,3928.8926,2416.02,3073.3364,553.15,855.5562,31.17,27.9,313759,357220,1119.51,1300.83,280.26,274.61,110197,132249,1427.382,1848.9,888.35,1091.57,539.032,757.33,77.2,71.53,NA,NA,NA,202696,243086,2711.82,3044.165,2340.92,2694.2,370.9,349.965,74.75,79.85,228670,264678,1354.5,1847.033,1354.5,1510.5542,0,343.9449,168.82,143.3,3862.5481,3862.5481,12276.1845,12276.1845,1894.79,1894.79,5961.005,5961.005,1515.181,5288.61,1967.7581,6315.1795,1128,5490.47,95.4127924415117,94.1311060101956,200.77233592096,162.563327542634,125.5,121.75,86.11,147.25,28.95,18.68,173.58,114.715,0,5.5,0,18.5,414.14,426.395
"6",6,103082,86200,541.395,389.885,367.945,309.76,173.45,80.125,221.09,117623,106982,398.25,400.6806,398.25,314.8872,0,85.7934,295.35,267,342446,474482,6230.32,9334.654,54.96,50.83,125338,147887,2141.656,2454.81,1689.87,1897.23,451.786,557.58,58.52,60.24,329652,366120,10085.878,10951.265,32.68,33.43,263868,349076,1948.44,2174.7471,1377.33,1630.0537,571.11,544.6934,135.43,160.51,78578,125406,2551.13,4525.7025,2072.55,3540.6464,478.58,985.0561,30.8,27.71,329652,366120,1209.99,1227.42,272.44,298.28,109544,124785,1412.776,1741.91,919.52,1033.49,493.256,708.42,77.54,71.64,NA,NA,NA,220360,239166,3239.465,3007.01,2647.455,2740.51,592.01,266.5,68.02,79.54,211849,304566,1332.5,2233.5238,1332.5,1849.7521,0,393.8853,158.99,136.36,3622.0532,3622.0532,13316.3294,13316.3294,1612.625,1612.625,5980.99,5980.99,1710.502,5624.79,2009.4282,7335.3394,1049.69,5180.63,85.5472035462831,95.7833550934015,190.363715152391,156.232371337623,106.49,116,84.125,134.75,34.155,7.375,331.64,77.375,0,5,0,25,556.41,365.5
"7",7,100149,86881,513.1,401.5,354.98,289.625,158.12,111.875,216.39,115977,61858,432.25,284.2611,400.25,190.3764,32,93.8847,268.31,217.61,324755,527222,6088.73,10250.51115,53.34,51.43,120417,176346,2191.713,2920.27,1616.1,2352.65,575.613,567.62,54.94,60.39,300543,399236,9378.177,12526.965,32.05,31.87,241519,392722,1674.99,2982.97,1194.51,2074.85,480.48,908.12,144.19,131.65,83236,134500,2632.99,4909.01855,2133.07,3730.9794,499.92,1178.03915,31.61,27.4,300543,399236,1171.945,1241.75,256.45,321.51,99274,126414,1315.962,1777.08,801.53,1064.83,514.432,712.25,75.44,71.14,NA,NA,NA,190674,261305,2838.83,3758.535,2274.65,3319.99,564.18,438.545,67.17,69.52,202533,269986,1348.5,2074.2615,1343,1646.5581,5.5,438.0992,150.19,130.16,4448.43305,4448.43305,14669.8589,14669.8589,1830.29,1830.29,7027.095,7027.095,1812.345,5047.26,2618.14305,7642.7639,1017.9,5070.83,86.762850059518,83.6978535036364,178.862838691563,140.699944957068,105.75,116,96.09,177.87,25.375,22.875,183.415,82.625,0,2.5,0,16,410.63,417.87
"8",8,103397,84126,493.405,414.62,344.68,289.37,148.725,125.25,202.9,104976,83819,417.25,352.7941,384.25,266.4459,33,86.3482,251.59,237.59,334277,522267,6602.48,9712.6529,50.63,53.77,129904,222559,2293.35,3303.88,1778.97,2386.42,514.38,917.46,56.64,67.36,301687,464010,8984.708,13907.63,33.58,33.36,243216,400783,1817.53,3303.2986,1204.27,2784.6,611.82,518.6986,133.82,121.33,91061,121484,3025.45,4119.4986,2291.425,3220.7956,734.025,898.703,30.1,29.49,301687,464010,1122.41,1274.67,268.79,364.02,102509,140732,1312.74,1977.92,763.88,1078.42,548.86,899.5,78.09,71.15,NA,NA,NA,187590,289680,2596.8,4460.52,2065.91,3743.02,530.89,717.5,72.24,64.94,191299,263169,1342.25,1937.0616,1252.25,1672.122,90,271.9396,142.52,135.86,4435.3994,4435.3994,15441.1935,15441.1935,2659.71,2659.71,7497.23,7497.23,1742.855,4953.44,1775.6894,7943.9635,1468.845,5132.195,94.1643030154957,76.6759518701001,168.385905086672,151.532692649585,105.19,110.75,89.66,227.38,24.455,27.625,206.61,87.625,9.5,9.75,14,21.75,449.415,484.88
"9",9,119570,92999,555.865,408.165,402.865,293.29,153,114.875,227.85,167633,90197,737.25,376.2432,601,280.0951,136.25,96.1481,227.38,239.73,451630,597440,8184.98,11612.06014,55.18,51.45,141784,213229,2357.705,3795.4,1902.68,2971.42,455.025,823.98,60.14,56.18,339881,457450,9411.975,15104.185,36.11,30.29,355050,474509,2887.55,3627.9154,1913.6,2726.4175,973.95,901.4979,122.96,130.79,96580,122931,3250.68,3946.3686,2483.125,3126.0609,767.555,820.3077,29.71,31.15,339881,457450,1125.33,1356.31,302.03,337.28,101329,147457,1204.575,1920.605,730.4,1030.17,474.175,890.435,84.12,76.78,NA,NA,NA,204263,333326,2678.815,4745.75,2200.365,4116.73,478.45,629.02,76.25,70.24,152385,442017,1309.5,3661.53294,1275,2979.12964,34.5,658.8758,116.37,120.72,4935.1395,4935.1395,17523.31314,17523.31314,2458.31,2458.31,8411.61,8411.61,1560.65,5236.31,2476.8295,9111.70314,1912.255,6272.725,100.112839600826,82.7186711461093,156.354220105045,131.808694079806,87.43,103.625,96.08,257.14,27.965,25,235.455,104.75,18.5,6.9322,23,34.4981,488.43,531.9453
"10",10,132619,100440,585.81,448.485,443.11,334.48,142.7,114.005,223.95,135436,159275,555.75,642.3236,479.75,464.3066,76,178.017,243.7,247.97,414610,735140,7046.51,14315.4593,58.84,51.35,162694,236702,2598.935,3975.49,2195.41,3360.79,403.525,614.7,62.6,59.54,351503,479258,9337.795,16728.49,37.64,28.65,325148,593890,2375.14,4900.5378,1640.96,4064.14,734.18,836.3978,136.9,121.19,89462,141250,2765.87,4607.4719,2222.85,3673.8724,543.02,933.5995,32.34,30.66,351503,479258,1154.42,1463.25,304.48,327.53,107604,152914,1257.29,2052.09,812.86,1391.21,444.43,660.88,85.58,74.52,NA,NA,NA,204896,363550,2542.79,5805.805,2186.015,5264.2,356.775,541.605,80.58,62.62,198298,513853,1349.75,4165.126,1253.75,3493.0336,96,574.2862,146.91,123.37,4453.4905,4453.4905,22046.0326,22046.0326,1931.19,1931.19,10350.68,10350.68,1347.43,5637.395,2522.3005,11695.3526,1449.2,5597.31,107.880521639072,74.1874777152962,175.142482288113,140.017692541176,83.12,90.88,91.48,244.37,25.625,32.25,205.25,140.75,18.75,7.5,26,24.5,450.225,540.25
"11",11,127037,103978,579.6303,417.405,419.2053,351.42,160.425,65.985,249.11,125441,114833,528,488.3664,448.5,393.2503,79.5,95.1161,237.58,235.14,419609,716985,7317.37,14633.528,57.34,49,171513,245742,2637.439,3970.82,2135.36,3300.57,502.079,670.25,65.03,61.89,345751,502387,8674.6136,17500.46,39.86,28.71,320838,588599,2342.24,5131.03,1668.62,3740.41,673.62,1390.62,136.98,114.71,98771,128386,3068.63,4106.2073,2466.115,3232.7966,602.515,873.4107,32.19,31.27,345751,502387,1081.33,1430.12,319.75,351.29,106358,157959,1215.235,1870.06,809.73,1292.59,405.505,577.47,87.52,84.47,NA,NA,NA,195523,399740,2304.9543,6505.055,1958.3124,6051.88,346.6419,453.175,84.83,61.45,199872,568070,1378.5,4907.9243,1260.5,4022.9258,118,857.8852,144.99,115.75,4983.912,4983.912,22385.8427,22385.8427,1766.88,1766.88,10996.46,10996.46,1414.6509,5322.6077,3217.032,11389.3827,1473.635,5843.735,111.821993364313,72.7657509035805,170.633621820089,126.550446957945,78.29,87.73,109.38,283.46,32.2,18.86,187.0011,168.41,18.5,4.5,31,32.5,456.3711,595.46
"12",12,139224,112521,643.28,476.805,483.88,407.27,159.4,69.535,235.99,109230,146329,489.5,566.93,406,431.15,83.5,135.78,223.15,258.11,345245,759201.3,6764.083,15976.0345,51.04,47.52,190772,271697,2807.41,4282.8,2333.36,3554.9,474.05,727.9,67.95,63.44,371694,546554,9957.6306,18003.428,37.33,30.36,228879,608375.3,1730.373,5063.5128,1145.16,3860.4,585.213,1203.1128,132.27,120.15,116366,150826,3449.96,5259.0777,2710.02,4129.5188,739.94,1129.5589,33.73,28.68,371694,546554,1224.73,1515.08,303.49,360.74,112649,167478,1255.06,2098.75,830.48,1430.24,424.58,668.51,89.76,79.8,NA,NA,NA,232456,436430,2807.4906,6542.655,2316.48,5981.63,491.0106,561.025,82.8,66.71,149981,578552,1094.25,5086.514,1003.5,3985.125,90.75,1092.339,137.06,113.74,5587.7607,5587.7607,23780.2338,23780.2338,2026.97,2026.97,11374.04,11374.04,1549.0406,5964.2,3560.7907,12406.1938,1499.403,5264.68,107.709275139877,78.2041638530599,163.669139700079,128.219365045448,79.91,103.69,99.61,300.77,26.375,14.66,273.7006,232.61,19,8.75,23.75,13.75,522.3456,674.23
"13",13,130878,118711,582.2078,527.335,434.9278,421.345,147.28,105.99,225.11,141731,122942,562.25,510.3714,472,382.3899,90.75,127.9815,252.08,240.89,436808,605610,7938.3638,13540.37074,55.02,44.73,171132,262878,2559.3,4258.52,2083.47,3529.25,475.83,729.27,66.87,61.73,331647,546435,8682.1458,18013.424,38.2,30.33,327474,448125,2539.0968,3799.23,1767.6939,2925.03,771.4029,874.2,128.97,117.95,109334,157485,3352.267,5424.4556,2661.17,4343.6705,691.097,1080.7851,32.61,29.03,331647,546435,1084.49,1500.17,305.81,364.25,109172,167392,1190.87,1904.5,758.88,1301.5,431.99,603,91.67,87.89,NA,NA,NA,200970,426144,2287.568,6611.659,1895.695,5903.21,391.873,708.449,87.85,64.45,220159,460199,1484.75,3806.31374,1338.75,3048.15977,146,758.40397,148.28,120.9,4988.07957,4988.07957,21854.55517,21854.55517,2146.709,2146.709,11155.305,11155.305,1446.973,5172.9728,2841.37057,10699.25017,1699.2499,6239.6139,115.635514105318,76.3209774374373,176.790425012213,135.090001027965,83.75,105.25,93.56,313.48,18.1,38.49,236.453,252.45,18,7,31.5,28.5,481.363,745.17
"14",14,133569,115448,604.545,514.635,465.65,427.59,138.895,87.045,224.33,153779,138527,633.25,622.912,533,504.1092,100.25,118.8028,242.84,222.39,478512,814431,7761.3377,17696.0015,61.65,46.02,171761,286681,2521.585,4453.96,2063.99,3676.65,457.595,777.31,68.12,64.37,329688,552125,8709.525,18054.909,37.85,30.58,367030,654227,2451.1677,5675.7006,1750.39,4105.1654,700.7777,1570.5352,149.74,115.27,111482,160204,3363.67,5422.7131,2679.64,4310.6667,684.03,1112.0464,33.14,29.54,329688,552125,1169.94,1666.47,281.8,331.31,110439,173268,1171.735,2202.47,730.64,1349.47,441.095,853,94.25,78.67,NA,NA,NA,207666,437194,2243.205,6468.014,1885.6,7780.56,357.605,756.374,92.58,67.59,194371,663902,1313.25,5974.6758,1198,4478.8492,115.25,1514.5766,148.01,111.12,6789.69,6789.69,26633.0605,26633.0605,2473.729,2473.729,13234.27,13234.27,1395.19,5145.88,4315.961,13398.7905,1600.3077,6161.03,119.826178562023,79.1450350719333,178.859491394811,121.624603464921,97.18,121,95.79,280.61,29.85,38,222.26,266.25,21.5,2.5,24,20,490.58,728.36
"15",15,136307,116068,605.095,505.19,449.36,409.815,155.735,95.375,229.75,120165,178917,502.05,762.2555,427.5,633.5264,74.55,128.7291,239.35,234.72,395302,900079,8101.033,18627.5732,48.8,48.32,174211,292088,2492.645,4677.11,1914.55,3388.49,578.095,1288.62,69.89,62.45,333100,553534,8720.9489,18767.265,38.2,29.49,278467,738956,2252.21,6205.33,1498.21,4680.28,754,1525.05,123.64,119.08,116835,161123,3725.023,5345.0566,2711.155,4255.4165,1013.868,1089.6401,31.36,30.14,333100,553534,1109.02,1654.16,300.36,334.63,110146,177944,1194.265,2230.42,777.915,1369,414.13,861.42,92.23,79.78,NA,NA,NA,203864,437297,2305.7589,6976.995,1852.89,5532.7,452.8689,1072.175,88.42,62.68,220647,689281,1621.75,6314.9311,1462.25,4899.7854,159.5,1423.6457,136.05,109.15,7484.6549,7484.6549,25169.0133,25169.0133,3317.59,3317.59,10700.005,10700.005,1600.8289,4994.715,4167.0649,14469.0083,2001.918,6099.115,116.862959010069,73.9576741286135,160.472737545908,122.675584108521,86.3,108.5,105.77,242.37,16.9,36.125,225.3639,216.035,15.25,4.5,38,62.9403,487.5839,670.4703
"16",16,133782,115598,658.79,545.665,484.83,443.16,173.96,102.505,211.85,137079,101500,585,455.42,476.5,364.42,108.5,91,234.32,222.87,377721,635190,8039.89,15487.018,46.98,41.01,169354,292308,2523.17,4893.7,1948.73,4063.58,574.44,830.12,67.12,59.73,328230,553807,8937.95,20247.005,36.72,27.35,252403,468451,2143.94,4086.4264,1399.94,2943.39,744,1143.0364,117.73,114.64,125318,166739,3819.7,5970.3618,3095.705,4621.3846,723.995,1348.9772,32.81,27.93,328230,553807,1170.51,1729.6,280.42,320.19,111084,172682,1212.17,2456.15,756.41,1628.82,450.42,827.33,91.64,70.31,NA,NA,NA,200842,438254,2383.67,7672.195,1940.57,6333.45,443.1,1338.745,84.26,57.12,196578,509293,1491.25,4974.8098,1381.75,3714.7176,109.5,1260.0922,131.82,102.37,6941.8058,6941.8058,24112.9222,24112.9222,3098.7,3098.7,12469.01,12469.01,1641.92,5130.54,3843.1058,11643.9122,1685.995,6353.895,109.984683446948,67.3961347601444,160.701745936183,112.480138501689,103.97,130.875,116.26,281,33.8,28.625,218.62,312.125,21.75,2.5,23,50.5,517.4,805.625
"17",17,130795,116926,653.3868,537.665,494.8118,438.78,158.575,98.885,217.47,144193,107304,598.95,485.8116,478.5,420.6244,120.45,65.1872,240.74,220.88,362570,538537,7634.99,13396.25054,47.49,40.2,162163,287451,2323.89,4593.44,1788.42,3857.67,535.47,735.77,69.78,62.58,310454,549414,8791.1225,18760.34,35.31,29.29,247098,369821,2144.85,3309.37,1342.01,2211.97,802.84,1097.4,115.21,111.75,115472,168716,3402.94,5657.0454,2726.51,4507.3609,676.43,1149.6845,33.93,29.82,310454,549414,1055.5,1649.67,294.13,333.04,108849,170148,1287.73,2196.375,796.99,1528.42,486.25,667.955,84.53,77.47,NA,NA,NA,188206,436709,2473.1047,6889.465,2005.1861,5849.155,467.9186,1040.31,76.1,63.39,183345,429426,1488.25,3944.02354,1401.75,3086.28889,86.5,857.73465,123.2,108.88,5712.92635,5712.92635,21900.26919,21900.26919,2542.92,2542.92,11674.025,11674.025,1648.2136,5085.4079,3170.00635,10226.24419,1686.22,5948.77,102.031622347286,74.5422525255381,156.92698351859,121.162522540286,115.54,109.875,108.89,271.36,27.6,24.13,250.0328,339.125,29.3,5,16.5,25.5815,547.8628,775.0715
"18",18,145438,120132,644.8,516.425,478.28,424.92,166.52,91.505,232.62,160385,105496,723,461.9808,606,376.7608,117,85.22,221.83,228.36,441013,643510,8640.9724,14321.95483,51.04,44.93,170700,303066,2544.88,4695.79,1936.6,3975.7,608.28,720.09,67.08,64.54,334464,578607,8873.56,18738.305,37.69,30.88,326002,475154,2699.6394,4043.54,1717.1944,2795.91,982.445,1247.63,120.76,117.51,115011,168356,3658.083,5352.0305,2882.58,4299.0979,775.503,1052.9326,31.44,31.46,334464,578607,1101.5,1650.1,303.64,350.65,113581,179619,1242.88,2066.705,767.84,1368.08,471.16,698.625,91.39,86.91,NA,NA,NA,196903,458701,2326.29,6982.22,1851.69,6219.76,474.6,762.46,84.64,65.7,203874,509621,1560.25,4464.40353,1488.25,3402.02533,72,1062.3782,130.67,114.15,5720.8408,5720.8408,22862.25403,22862.25403,2272.68,2272.68,11988.46,11988.46,1720.56,5034.41,3448.1608,10873.79403,1946.948,6694.0244,115.224042354826,77.1916792967263,159.535311507719,124.861756370519,110.55,134.375,101.63,298.75,29.1,22.25,228.56,355.75,18.75,0,0,16.43,488.59,827.555
"19",19,128062,122731,584.6029,508.4,436.1035,434.65,148.4994,73.75,241.41,150339,139331,678.49,545.8591,554.49,489.5958,124,56.2633,221.58,255.25,378901,675277,7785.43,14797.61195,48.67,45.63,158827,318743,2345.91,5054.84,1882.21,4257.2,463.7,797.64,67.7,63.06,303909,592082,8243.8639,19415.22,36.86,30.5,262870,516606,2004.35,4329.06,1312.5,3237.2,691.85,1091.86,131.15,119.33,116031,158671,3683.59,5184.33484,2956.67,4168.14954,726.92,1016.1853,31.5,30.61,303909,592082,1094.61,1723.83,277.64,343.47,104804,181825,1147.74,2207.5,711.58,1450.58,433.69,756.92,91.31,82.37,NA,NA,NA,179844,471402,2146.511,7108.15,1794.6063,6274.56,351.9047,833.59,83.78,66.32,198123,558327,1419,4738.35801,1378,3806.9693,41,931.38871,139.62,117.83,5557.59731,5557.59731,24118.90464,24118.90464,2461.9,2461.9,12416.99,12416.99,1397.7941,4824.4998,3095.69731,11701.91464,1583.77,6201.66,112.740080155573,78.0055274369629,166.132854030293,132.026747856316,81.46,128.25,100.8,312.12,24.24,21,202.5508,344.33,28.25,0.13,0,26.66,437.3008,832.49
"20",20,125710,108447,554.4314,474.4,415.432,389.08,138.9994,85.32,228.6,128639,133916,626.17,579.18,546.92,469.46,79.25,109.72,205.44,231.22,323466,598957,7007.74,14120.26951,46.16,42.42,143053,285282,2127.18,4789.71,1653.17,3944.21,474.01,845.5,67.25,59.56,288630,533253,7770.4516,18784.38,37.14,28.39,207103,434646,1467.73,4001.1759,969.44,2553.6878,498.29,1447.4881,141.1,108.63,116363,164311,3786.01,5368.71361,2975.19,4216.452,810.82,1152.26161,30.73,30.61,288630,533253,1025.5,1597.42,281.45,333.82,98621,172708,1041.713,2221.92,668.74,1438.34,370.113,783.58,94.67,77.73,NA,NA,NA,169796,426856,2054.9172,6848.96,1716.3634,6230.4,338.5538,618.56,82.63,62.32,145272,439581,1127.83,4171.2,1047.08,2979.24,80.75,1191.96,128.81,105.38,6234.38971,6234.38971,22220.8698,22220.8698,2332.96,2332.96,12002.03,12002.03,1321.6762,4453.7054,3901.42971,10218.8398,1469.11,5538.63,113.248954164269,73.0952732079264,156.163625997719,120.726552402124,83.003,142.5,93.26,273.5,28.01,8.995,198.6849,188.5,18.75,2,0,48.5,421.7079,663.995
"21",21,147689,121237,644.2375,501.715,487.8275,427.09,156.41,74.625,241.65,141656,73235,697.37,307.15,585.23,271.15,112.14,36,203.13,238.43,321506,526260,7282.3,13875.15511,44.15,37.93,171432,335331,2512.85,5599.52,1964.23,4555.65,548.62,1043.87,68.22,59.89,331794,618727,8940.3781,22411.915,37.11,27.61,200429,343239,1590.09,3419.70061,997.8,2029.714,592.29,1389.98661,126.05,100.37,121077,183021,3940.2,5996.1126,3003.91,4735.8654,936.29,1260.2472,30.73,30.52,331794,618727,1169.02,1851.9,283.82,334.1,115987,178624,1291.45,2308.455,800.96,1481.92,491.34,826.535,89.81,77.38,NA,NA,NA,189839,504258,2324.7906,8642.59,1925.51,7471.07,399.2806,1171.52,81.66,58.35,137663,430448,1054.64,4152.1919,991.75,2847.5073,62.89,1304.6846,130.53,103.67,7107.46841,7107.46841,23819.9667,23819.9667,3116.55,3116.55,13935.73,13935.73,1595.6506,5178.5275,3990.91841,9884.2367,1703.61,5578.69,113.682992761167,68.4026834188055,159.427742992334,112.950074539026,96.74,137.75,110.23,304.12,30.8,11,186.45,372.75,26.25,0,0,47.7693,450.47,873.3893
"22",22,118368,98969,556.4249,428.59,391.1858,371.93,165.2391,56.66,230.92,55227,78812,261.42,327.255,210.5,284.83,50.92,42.425,211.26,240.83,243808,508205,5482.979,12041.7521,44.47,42.2,157875,286110,2139.85,4763.055,1670.27,3971.69,469.58,791.365,73.78,60.07,289565,533464,7669.5486,18905.595,37.76,28.22,144286,359606,1012.97,3230.9917,647.3,2159.6987,365.67,1071.293,142.44,111.3,99522,148599,3161.034,5017.1964,2473.2,3899.02,687.834,1118.1764,31.48,29.62,289565,533464,1070.48,1571.16,270.5,339.54,99395,159470,1067.42,2096.125,628.79,1330.5,438.63,765.625,93.12,76.08,NA,NA,NA,170747,432206,2032.6637,7213.745,1675.1568,6126.55,357.5069,1087.195,84,59.91,149292,384836,1047.555,3466.309,966.635,2526.7865,80.92,939.5225,142.51,111.02,5872.2619,5872.2619,20671.0052,20671.0052,2700.845,2700.845,11800.67,11800.67,1430.956,4365.4026,3171.4169,8870.3352,1185.344,4297.635,111.66670773646,69.5042810868668,156.243625737696,122.219633041646,91.03,162.625,105.99,317.745,25.1794,5.75,163.3636,321.26,2,0,0,50.5,387.563,857.88
"23",23,123292,109810,582.0826,440,435.1376,389.34,146.945,50.66,249.57,161800,105992,710.185,407.45,592.18,355.5,118.005,51.95,227.83,260.13,357738,559368,7351.92,13842.0162,48.66,40.41,154768,330679,2245.72,5287.65,1750.04,4432.65,495.68,855,68.92,62.54,297403,608691,7902.4955,20516.015,37.63,29.67,225613,380309,1553.4,3375.3582,1091.55,2232.9578,461.85,1142.4004,145.24,112.67,132125,179059,4064.88,6030.603,3200.94,4514.4627,863.94,1516.1403,32.5,29.69,297403,608691,1071.89,1774.41,277.46,343.04,108606,183946,1194.59,2228.625,757.65,1488.75,436.94,739.875,90.91,82.54,167628,1171,143.15,172166,497904,2034.8229,7698.985,1668.3075,6537.325,366.5154,1161.66,84.61,64.67,148811,455500,1023.455,4028.605,1002.08,2753.875,21.375,1274.73,145.4,113.07,6792.4157,6792.4157,22704.8605,22704.8605,2807.195,2807.195,12848.065,12848.065,1446.0804,4611.1351,3985.2207,9856.7955,1465.17,5886.75,112.903580201883,74.6670500068497,179.166955077179,126.574625427322,96.56,149.625,111.86,330,26.315,15,185.6265,395.08,0,0,4.125,40.5,424.4865,930.205
"24",24,122651,111498,557.5564,521.25,409.6846,403.25,147.8718,118,213.91,92030,139344,400.655,534.73,319.5,509.83,81.155,24.9,229.7,260.59,250005,557386,5948.923,13963.9617,42.03,39.92,144116,297729,2097.46,5071.76,1648.5,4153.54,448.96,918.22,68.71,58.7,288375,582481,7669.2061,21796.46,37.6,26.72,130014,380810,925.05,3262.6856,626.42,2116.4636,298.63,1146.222,140.55,116.72,119991,176576,3748.843,6191.2161,2987.4,4589.5333,761.443,1601.6828,32.01,28.52,288375,582481,1055.54,1854,273.2,314.18,100845,181913,1093.938,2213.505,704.55,1477.83,389.388,735.675,92.19,82.18,169776,1301.75,130.42,164510,470183,2048.2817,8667.46,1707.2033,7275.96,341.0784,1391.5,80.32,54.25,115050,403815,874.375,3975.33,793.5,2685.12,80.875,1285.21,131.58,101.58,7221.4098,7221.4098,23211.5269,23211.5269,3163.395,3163.395,13310.58,13310.58,1327.2982,4469.9379,4058.0148,9900.9469,1222.103,4726.82,110.199094870859,63.3038805229461,162.411864818867,120.432765861208,70.614,160.5,80.02,309.37,21.4676,21.5,177.5406,272.5,10,0,10,33,369.6422,796.87
"25",25,122627,115148,571.2199,515.58,433.5969,413.08,137.623,102.5,223.34,137738,120741,666.35,495.83,561.66,449.5,104.69,46.33,206.71,243.51,303013,504676,6139.24,13750.3648,49.36,36.7,135544,290860,2003.69,4990.13,1554.38,4047.17,449.31,942.96,67.65,58.29,277731,548650,7378.109,21547.31,37.64,25.46,183277,313049,1181.53,2698.6178,818.85,1664.9982,362.68,1033.6196,155.12,116,119736,191627,3536.62,6819.787,2818.13,5140.179,718.49,1679.608,33.86,28.1,277731,548650,1014.07,1603.75,273.88,342.1,95925,171288,990.1,2116.83,652.54,1454.5,337.56,662.33,96.88,80.92,166691,1129.95,147.52,155849,435960,1914.7191,9113.4,1549.6059,7117.65,365.1132,1995.75,81.4,47.84,102962,388448,754.74,3736.13,698.92,2547.3,55.82,1188.83,136.42,103.97,7651.9276,7651.9276,22834.3772,22834.3772,3703.54,3703.54,13032.4,13032.4,1289.6062,4190.1228,3948.3876,9801.9772,1241.68,4897.56,112.020447806644,57.2343072682673,169.377027492981,120.319899053866,57.7,129.75,87.51,276,28.96,17.5,192.3968,278,0,0,0,56.5,366.5668,757.75
"26",26,117397,99309,550.59,406.545,428.57,361.92,122.02,44.625,244.28,128432,151790,599.775,644.7,541.17,598.37,58.605,46.33,214.13,235.44,277727,657616,6053.77,14440.12805,45.88,45.54,126416,260262,1859.91,4548.08,1420.48,3707.98,439.43,840.1,67.97,57.22,263569,497502,7112.95,20409.88,37.05,24.38,164247,495425,1184.75,3918.03705,788.19,2789.7335,396.56,1128.30355,138.63,126.45,113480,162191,3450.86,5689.661,2740.52,4266.1236,710.34,1423.5374,32.88,28.51,263569,497502,979.52,1530.42,269.08,325.08,89399,152028,944.87,1941.75,590.22,1177.25,354.65,764.5,94.62,78.29,168010,1134.75,148.06,145600,397382,1851.78,8962.97,1575.07,6516.18,276.71,2446.79,78.63,44.34,108275,479714,818.385,4187.73,771.01,3224.24,47.375,963.49,132.3,114.55,7657.67595,7657.67595,22641.7971,22641.7971,4096.015,4096.015,11763.33,11763.33,1192.81,4014.34,3561.66095,10878.4671,1212.88,4840.89,109.473977780275,53.0113885297158,166.911349918204,130.680423720571,65.61,106.125,75.01,254.5,35.33,0,135.58,415.75,0,0,0,38,311.53,814.375
"27",27,111644,96975,508.5106,425.83,366.8006,354.08,141.71,71.75,227.73,143958,135375,645.015,607.9,544.015,563.98,101,43.92,223.19,222.69,337804,632992,6181.3,15173.31381,54.65,41.72,117157,239929,1710.35,4310.82,1310.76,3562.66,399.59,748.16,68.5,55.66,252452,444132,6756.641,18936.63,37.36,23.45,253581,481986,1746.61,3664.52811,1203.98,2644.0909,542.63,1020.43721,145.18,131.53,84223,151006,2697.81,6229.9857,2087.92,4119.3839,609.89,2110.6018,31.22,24.24,252452,444132,927.855,1350.33,272.08,328.91,82860,141217,869.62,1727.45,536.06,1167.37,333.56,560.08,95.28,81.75,164664,1112.5,148.01,143433,357215,1735.0054,8351.32,1408.1143,6574.83,326.8911,1776.49,82.67,42.77,164986,491915,1091.865,4670.9,1014.445,3821.38,77.42,849.52,151.1,105.31,7180.95901,7180.95901,22807.7748,22807.7748,3156.48,3156.48,11658.94,11658.94,1201.7511,3621.7349,4024.47901,11148.8348,1330.94,4850.36,113.69519985594,51.7468654403764,177.8729676201,118.831931499583,80.43,125.75,68.4,259,24.32,13.25,150.1317,404.33,14,4,14,31.5,351.2817,837.83
"28",28,111582,98410,555.185,400.695,395.58,357.82,159.605,42.875,245.6,108920,116947,557.19,510.22,437.73,476.22,119.46,34,195.48,229.21,315771,560114,6725.99,14929.507961,46.95,37.52,121683,252095,1892.34,4229.05,1382.28,3318.73,510.06,910.32,64.3,59.61,253343,475893,7086.05,17965.01,35.75,26.49,216573,406405,1641.03,3340.876361,1032.95,2443.8521,608.08,897.024261,131.97,121.65,99198,153709,3277.81,6906.8316,2498.63,3828.5809,779.18,3078.2507,30.26,22.25,253343,475893,963.46,1315.08,262.95,361.87,89515,154631,990.79,1694.09,577.11,1128.59,413.68,565.5,90.35,91.28,160840,1161.5,138.48,140044,392349,1867.435,7499.895,1430.27,6440.52,437.165,1059.375,74.99,52.31,168356,439962,1249.96,4171.58,1080.02,2976.2,169.94,1195.38,134.69,105.47,7782.724961,7782.724961,20970.513,20970.513,2578.07,2578.07,11245.66,11245.66,1520.51,3785.24,5204.654961,9724.853,1676.66,5049.33,103.865236809735,62.1167533057658,153.432753230224,118.951898842326,81.14,121.875,76.2,260.75,16.5,10.375,150.3,511.125,1,2.5,0.13,67.75,325.27,974.375
"29",29,107623,101225,502.84,401.25,376.15,372.75,126.69,28.5,252.27,128898,67363,616.105,282.9,525.37,255.15,90.735,27.75,209.21,238.12,338923,478727,6984.367,15029.8334,48.53,31.85,126641,266871,1753.35,4446.6,1346.45,3756.48,406.9,690.12,72.23,60.02,256620,539530,6793.6006,20857.335,37.77,25.87,220576,305871,1527.657,2596.29,1017.38,1787.55,510.277,808.74,144.39,117.81,118347,172856,3694.41,8078.3934,2879.28,4741.4827,815.13,3336.9107,32.03,21.4,256620,539530,952.1,1490.91,269.53,361.88,91058,162686,928.11,1912.06,588.74,1348.56,339.37,563.5,98.11,85.08,189571,1311.5,144.55,148121,436687,1844.8906,8886.035,1535.6794,7455.16,309.2112,1430.875,80.29,49.14,166236,410682,1146.195,4072.25,1068.3,2748.65,77.895,1323.6,145.03,100.85,8209.9957,8209.9957,22465.7827,22465.7827,2712.995,2712.995,12932.95,12932.95,1182.1712,3847.0194,5497.0007,9532.8327,1494.037,5490.33,108.932430322287,57.9191873620762,167.470918685808,109.765450099308,66.71,130.125,72.43,294.25,16.67,9.25,123.75,608.375,4.74,0,4.74,57.5,289.04,1099.5
"30",30,102585,96256,512.46,389.34,379.41,339.09,133.05,50.25,247.23,106527,75082,535.7645,310.65,466.75,293.4,69.0145,17.25,198.83,241.69,324985,476724,6549.005,14067.278,49.62,33.89,123735,253614,1809.715,4496.29,1383.53,3621.03,426.185,875.26,68.37,56.41,251516,500475,6871.2495,19304.765,36.6,25.92,220521,320874,1528.87,2692.51,1055.07,1880.2,473.8,812.31,144.24,119.17,104464,155850,3231.716,7217.248,2520.327,4307.1139,682.58,2910.1341,32.32,21.59,251516,500475,952.39,1468.33,264.09,340.85,89528,159045,962.33,1935.22,610.82,1313.97,351.51,621.25,93.03,82.18,143923,1096.5,131.26,145606,405856,1908.3095,7837.6,1613.32,6395.26,294.9895,1442.34,76.3,51.78,181933,391265,1252.6545,3846.87,1117.85,2816.87,134.8045,1030,145.24,101.71,7758.7941,7758.7941,20966.9339,20966.9339,2989.1,2989.1,11669.35,11669.35,1205.7345,3987.08,4769.6941,9297.5839,1360.199,5159.997,102.525663843666,61.0326561273086,161.29329871803,112.169514518271,82,138.5,58.49,328.5,27.05,0.75,74.0836,474.5,0,0.5,0,41,241.6236,983.75
"31",31,105748,98007,515.2589,391.75,383.0789,343.5,132.18,48.25,250.18,107265,114688,553.28,541.4,482.66,457.16,70.62,84.24,193.87,211.84,384364,615066,7658.3611,17039.5832,50.19,36.1,139061,262830,2002.15,4481.07,1619.77,3488.12,382.38,992.95,69.46,58.65,278765,509047,7258.4196,19577.97,38.41,26,283032,469340,2167.3111,4672.74,1532.138,3203.07,635.1731,1469.67,130.59,100.44,101332,145726,3206.78,6692.4682,2536.364,3833.0066,670.416,2859.4616,31.6,21.77,278765,509047,1049.7,1557.5,265.57,326.84,95684,159171,945.65,1900.32,630.41,1345.82,315.24,554.5,101.18,83.76,153536,1129.25,135.96,173035,404895,1945.4507,8013.74,1702.347,6508.91,243.1037,1504.83,88.94,50.53,213647,484478,1730.99,5132.975,1556.64,3851.97,174.35,1297.005,123.42,94.39,8810.9066,8810.9066,23031.5566,23031.5566,3100.53,3100.53,11686.35,11686.35,1072.9037,4335.6059,5710.3766,11345.2066,1550.5591,6107.802,113.293742585472,59.8301824164921,140.487770710117,105.591540918603,61.88,113.75,76.22,255.57,28,10.5,94.7437,515.66,0,2.5,0,23.25,260.8437,921.23
"32",32,109326,102110,542.4517,427.82,411.1167,365.57,131.335,62.25,238.68,103522,86204,555.608,398.95,411.42,341.7,144.188,57.25,186.32,216.08,369825,614497,8046.921,16987.7199,45.96,36.17,147457,263407,2077.04,4493.305,1674.99,3559.48,402.05,933.825,70.99,58.62,310105,551409,8185.2767,21565,37.89,25.57,266848,470209,2158.96,4718.9316,1505.34,3314.6049,653.62,1404.3267,123.6,99.64,102977,144288,3356.29,6412.0883,2605.01,3696.9249,751.28,2715.1634,30.68,22.5,310105,551409,1139.99,2032.33,272.02,271.32,102624,170042,1070.89,2351.625,706.1,1545.25,364.79,806.375,95.83,72.31,167267,1152.25,145.17,203307,445135,2322.545,8602.48,1920.19,6874.16,402.355,1728.32,87.54,51.74,234171,509035,1976.063,5457.75,1764.26,3889.3,211.803,1568.45,118.5,93.27,9275.9601,9275.9601,23586.9898,23586.9898,3530.77,3530.77,12344.46,12344.46,1300.53,4712.3967,5745.1901,11242.5298,1760.891,6286.03,109.121591658378,60.6009767117372,133.387395123616,101.633855242713,71.09,146.125,73.67,266.99,15.45,10.5,193.57,458.83,8.515,0,8.515,71.5,370.81,953.945
"33",33,112261,98503,532.235,400.09,394.24,345.84,137.995,54.25,246.2,96704,87348.62,531.705,432.75,396.37,330.805,135.335,101.945,181.88,201.85,301330,518083,6922.8678,15024.2764,43.53,34.48,157229,278185,2222.33,4557,1852.59,3743.8,369.74,813.2,70.75,61.05,322207,535811,8386.23,20434.06,38.42,26.22,190199,393627,1339.1998,3534.33,899.3873,2598.41,439.8125,935.92,142.02,111.37,111131,124456,3461.308,6435.4164,2775.147,3358.8133,686.161,3081.3731,32.11,19.34,322207,535811,1114.66,1990.83,289.06,269.14,110195,173938,1144.13,2160.455,765.29,1534.5,378.84,625.955,96.31,80.51,150599,1163,129.49,210044,433044,2416.815,8127.95,2029.51,6905.95,387.305,1222,86.91,53.28,184912,424887,1590.655,4621.78,1372.56,3424.2525,218.095,1194.7775,116.25,91.93,8029.4206,8029.4206,22242.3708,22242.3708,2715.405,2715.405,12530.09,12530.09,1273.88,5041.63,5314.0156,9712.2808,1479.4035,5443.4643,109.291127651278,62.3293277236036,132.690024312558,101.341889354698,75.93,129.875,61.93,276.25,21.3,12.75,172.51,348,4.73,19,4.23,52.08,340.63,837.955
"34",34,115356,100065,517.825,415.92,391.56,353.92,126.265,62,240.59,101855,132675,560.975,603.57,443.18,486.3475,117.795,117.2225,181.57,219.82,331194,563571,7225.375,17640.9544,45.84,31.95,162668,268476,2315.07,4778.06,1859.79,3915.99,455.28,862.07,70.26,56.19,331622,523339,8625.78,20862.14,38.45,25.09,226398,399556,1695.45,3819.43,1160.57,2615.62,534.88,1203.81,133.53,104.61,104796,164015,3375.7,8375.2161,2639.8,4636.3645,735.9,3738.8516,31.04,19.58,331622,523339,1135.23,1942.34,292.12,269.44,114453,170207,1189.83,2282.925,784.48,1637.7,405.35,645.225,96.19,74.56,149790,1104,135.68,213206,415992,2484.705,8270.53,2107.61,6780.89,377.095,1489.64,85.81,50.3,186258,424455,1593.25,4842.7383,1375.1,3404.6558,218.15,1438.0825,116.9,87.65,9556.9016,9556.9016,23831.4878,23831.4878,3058.935,3058.935,12688.5,12688.5,1363.99,5143.44,6497.9666,11142.9878,1606.725,5618.65,109.428382064459,59.4094250240317,133.743225521939,102.294980252954,65.12,129.25,85.48,262.74,17.3,6.5,151.64,360.41,7.32,0,7.42,76.75,334.28,835.65
"35",35,109634,107069,526.47,429.75,400.24,364.75,126.23,65,249.14,109141,135162,594.3292,637.6225,477.51,505.7825,116.8192,131.84,183.64,211.98,335683,655637,7598.1122,17473.553,44.18,37.52,155405,268961,2363.96,5042.73,1879.87,4004.92,484.09,1037.81,65.74,53.34,320565,524460,8724.0206,20233.055,36.75,25.92,230655,501220,1912.74,4486.99,1358.62,3262.72,554.12,1224.27,120.59,111.71,105028,154417,3471.841,7345.73,2694.99,4029.53,776.851,3316.2,30.25,21.02,320565,524460,1095.87,1933.75,292.52,271.21,108967,170014,1115.02,2151.735,742.13,1559.34,372.89,592.395,97.73,79.01,146159,1077.25,135.68,208705,416435,2493.5206,7484.035,2086.095,5960.575,407.4256,1523.46,83.7,55.64,183337,494497,1619.202,5003.2105,1482.1978,3774.6755,137.0042,1228.535,113.23,98.84,9119.51,9119.51,23462.293,23462.293,3218.665,3218.665,11889.585,11889.585,1390.6356,5108.335,5900.845,11572.708,1584.7944,6013.3178,105.410592999859,66.1508999802244,132.131862428684,111.625180181721,79.08,113.13,96.64,312.57,19.45,9.75,160.4692,318.05,4.52,3,5.77,57,365.9292,813.5
"36",36,105046,114546,495.71,462.64,366.56,391.14,129.15,71.5,247.59,142503,122868,815.295,601.3,646.58,484.155,168.715,117.145,174.79,204.34,387145,570494,8458.1274,15366.4052,45.77,37.13,146931,294528,2148.21,5494.06,1666.99,4447.72,481.22,1046.34,68.4,53.61,301022,568408,8217.07,23561.7,36.63,24.12,280202,447612,2240.5864,4319.8816,1530.4964,2941.2175,710.09,1378.6641,125.06,103.62,106943,122882,3650.181,5640.8761,2821.773,3242.4761,828.408,2398.4,29.3,21.78,301022,568408,1152.045,3315.26,261.29,171.45,107087,189407,1201.735,2630.36,732.28,2015.84,469.455,614.52,89.11,72.01,153618,1027,149.58,197113,444991,2315.81,8169.99,1893.15,6584.29,422.66,1585.7,85.12,54.47,195842,448396,1752.065,4804.3475,1591.71,3459.4275,160.355,1344.92,111.78,93.33,8557.1891,8557.1891,23566.2661,23566.2661,3318.06,3318.06,13438.99,13438.99,1502.485,4658.98,5239.1291,10127.2761,1867.568,6590.5594,107.471759048486,64.8165159401017,131.787127633055,105.679106897,76.13,130.63,87.35,304.74,21.75,12,136.63,332.75,1.56,0,1.56,78.17,324.98,858.29
"37",37,115615,81969,555.465,344.59,416.27,318.09,139.195,26.5,237.87,106032,101392,671.1979,570.95,469.0089,458.86,202.189,112.09,157.97,177.58,399598,482815,10417.4578,16038.3734,38.36,30.1,156906,198474,2518.22,4265.24,1855.09,3092.02,663.13,1173.22,62.31,46.53,324281,413682,9664.683,18701.845,33.55,22.12,279157,362886,2862.6537,4387.38,1950.9054,2405.98,911.7483,1981.4,97.52,82.71,120441,119929,4294.1099,6209.3834,3326.2719,3332.78,962.188,2876.6034,28.05,19.31,324281,413682,1621.17,2484.75,200.03,166.49,114714,129434,1363.5,1742.36,896.88,1191.75,466.62,550.61,84.13,74.29,125818,959.75,131.09,207515,316884,2539.105,6603.835,2026.06,5399.665,513.045,1204.17,81.73,47.98,256061,400997,2589.4963,4870.66,2192.8257,3553.9875,396.6706,1316.6725,98.88,82.33,9241.2659,9241.2659,19753.1325,19753.1325,2954.5,2954.5,10001.525,10001.525,1781.99,5194.3,6286.7659,9751.6075,2472.7959,7939.0119,104.418384460523,57.4019292141744,111.047825337316,92.3235954065065,80.87,114.12,85.09,291.48,35.82,2.5,111.05,263,8.63,0,15.18,94.67,336.64,765.77
"38",38,115781,76665,571.09,558.5,418.31,441.5,152.78,117,137.27,105979,24291,567.9559,280.5,417.005,163.5,150.9509,117,186.6,86.6,474928,430151,12117.5631,18499.5981,39.19,23.25,158954,183896,2475.93,8711.25,1866.02,5953.75,609.91,2757.5,64.2,21.11,344831,359678,10681.01,24886.6,32.28,14.45,343215,309567,3549.16,5882.25,2432.12,3346.15,1117.04,2536.1,96.7,52.63,131713,120584,4578.692,6494.5981,3542.186,3903.72,1036.506,2590.8781,28.77,18.57,344831,359678,1700.12,2607,202.83,137.97,117493,154349,1467.72,3695.85,945.58,2471.85,522.14,1224,80.05,41.76,50743,887.75,57.16,224823,312394,2991.3,8426.25,2407.59,7303.25,583.71,1123,75.16,37.07,328715,384731,3421.7552,5842.25,2987.22448,3741,434.53072,2101.25,96.07,65.85,12566.7281,12566.7281,27324.72,27324.72,5221.5,5221.5,16170.35,16170.35,1868.54,5637.5,7345.2281,11154.37,2739.02762,9378.53548,95.6110925530332,43.3021508667464,108.953753568773,66.8036421542607,89.68,332.5,93.76,1621,28.825,0,134.275,2,3.58,40.75,3.58,778.25,353.7,2774.5
"39",39,102922,104739,498.01,582,377.46,590,120.55,116.25,179.96,79770,15600,525.4551,114,356.164,80.5,169.2911,33.5,151.81,136.84,436036,359669,11363.7533,16765.22,38.37,21.45,166065,310264,2728.39,16981.02,1820.07,9856.42,908.32,7774.01,60.87,18.27,333479,657644,10423.995,44515.37,31.99,14.77,314290,268145,3059.91,4790.25,2179.21,2852.5,880.7,1937.75,102.71,55.98,121746,91524,4134.494,5299.55,3285.779,3095.34,848.765,2204.21,29.45,17.27,333479,657644,1367.87,4599.25,243.79,142.99,120457,340624,1663.29,7681.5,859.87,5722.5,803.42,2395.3,72.42,44.34,169262,2574.5,65.75,229675,471045,3003.075,12097.1,2510.69,9835.85,492.385,3058.5,76.48,38.94,301203,429555,3643.8942,6561.42,3128.7812,4059.6075,515.113,2501.8125,82.66,65.47,20021.3325,20021.3325,36092.7175,36092.7175,13344.06,13344.06,26004.77,26004.77,2324.675,5568.09,6677.2725,10087.9475,2413.8691,8949.9342,94.998264823619,45.4120560607614,91.3746900505554,66.6856916868152,84.57,619,87.15,2647.25,16.05,0,128.84,0,40.3,0,35.3,872,392.21,4138.25
"40",40,95020,70817,502.12,491,361.2,777.7,140.92,215.42,144.23,64764,34679,407.25,222.8875,295.31,175.5,111.94,47.3875,159.03,155.59,414193,726724,12560.015,32774.0555,32.98,22.17,167262,315316,3403.02,14241.375,2655.45,11698.2,747.57,5480.195,49.15,22.14,342485,585964,12131.35,38752.875,28.23,15.12,300534,603982,3287.555,11178.2,2226.05,7147.85,1061.505,4030.35,91.42,54.03,113659,122742,4260.43,9295.04,3218.195,5256.53,1042.235,4038.51,26.68,13.21,342485,585964,1630.75,3470.25,210.02,168.85,124599,261099,1866.08,6382.25,1276.02,5394.02,590.06,2854.31,66.77,40.91,133019,1759,75.62,241863,512272,3419.49,12409,3044.07,10666,375.42,1743,70.73,41.28,334190,804353,4604.78,12077.928,3976.77,8430.6875,628.01,3647.2405,72.57,66.6,22056.413,22056.413,49546.4875,49546.4875,10292.925,10292.925,28535.92,28535.92,1853.97,7336.74,11763.488,21010.5675,2843.69,9716.325,85.9042587100706,45.2006976744186,79.5992841224015,68.2094613970919,104.26,547,116.55,2555.625,21.5,0,101.1,40,23.75,0,48.76,979.25,415.92,4121.875
"41",41,97683,62741,551.16,474.08,396.83,746.41,154.33,278.83,132.34,101420,84779,415.475,490,350.8,375.36,64.675,114.64,244.11,173.02,637089,1034833,17857.793,44801.11,35.68,23.1,156863,317909,3123.7,11296,2545.94,9095.69,577.76,5058.01,50.22,28.14,372735,524854,13574.21,30775.83,27.46,17.05,494135,869268,5322.61,15939.7,3851.36,10076.55,1471.25,5863.15,92.84,54.53,142954,165565,5216.683,12703.66,4078.753,8129.82,1137.93,4573.84,27.4,13.03,372735,524854,1795.3,2910.66,207.62,180.32,120645,210331,1828.27,4854.75,1297.56,4208.06,530.71,2474.96,65.99,43.32,126687,1387.75,91.29,273456,451348,4278.88,9852.59,3510.44,8616.09,768.44,1236.5,63.91,45.81,454257,1001837,6903.025,15667.75,6264.6,11150.31,638.425,4504.19,65.81,63.94,24104.12,24104.12,52398.29,52398.29,9048.3,9048.3,22666.25,22666.25,2031.24,7750.77,15055.82,29732.04,3312.28,14545.513,76.8397363168835,49.7826501669948,75.9277174284348,67.2504525692005,101.06,457.25,103.59,2208.75,25,0,225.99,0,10,0,20,1149.375,485.64,3815.375
"42",42,86636,65377,467.64,466.25,339.95,680.95,127.69,252.94,140.22,124875,142482,732.775,1072.375,557,734.125,175.775,338.25,170.41,132.87,673517,1098077,18857.456,49697.9948,35.72,22.09,174121,309409,3290.81,11161.91,2415.84,9194.25,874.97,4938.97,52.91,27.72,357903,549650,13734.25,31071.81,26.06,17.69,552960,894742,5750.75,15584.1,4354.5,9847.65,1396.25,5736.45,96.15,57.41,120557,203335,4215.556,15202.5298,3320.12,10307.3778,895.436,4895.152,28.6,13.38,357903,549650,2143.25,2957.5,166.99,185.85,131155,236647,1920.72,5102.83,1297.53,4462.86,623.19,2560.69,68.28,46.38,125073,1372.5,91.13,269894,481410,4539.41,10010.82,3654.01,8395.07,885.4,1615.75,59.46,48.09,455680,1096576,8158.375,17838.99,7186.75,12837.555,971.625,4996.185,55.85,61.47,25334.387,25334.387,56459.8378,56459.8378,9368.35,9368.35,22733.13,22733.13,2511.25,7707.33,15966.037,33726.7078,3439.086,15418.37,71.2056001038536,52.1889230481423,65.2958278737846,65.5192261372989,103.04,461.75,101.12,2108.5,27,0,94.48,60,0,18.75,51,1069.875,376.64,3718.875
"43",43,87947,74013,509.165,438.33,337.92,697.83,171.245,249.665,168.85,96466,182721,711.975,1170,530.75,933.5,181.225,236.5,135.49,156.17,380272,1060073,12460.32,51005.35,30.52,20.78,168524,319177,3254.24,12016.4,2599.52,10516.27,654.72,4592.37,51.79,26.56,349989,568686,13523.15,32714.46,25.88,17.38,239721,858231,1980.78,15037.45,1570.05,9312.5,410.73,5724.95,121.02,57.07,140551,201842,5319.01,15620.9,4168.24,10535.72,1150.77,5085.18,26.42,12.92,349989,568686,1768.33,2982.75,197.92,190.66,127167,242103,1828.38,5248.55,1301.9,4877.9,526.48,2199.03,69.55,46.13,130923,1282,102.12,261131,489276,4586.915,10746.43,3748.13,9092.01,838.785,1654.42,56.93,45.53,263423,1012538,4448.555,19177,3669.83,13877.75,778.725,5292.5,59.22,52.8,25034.615,25034.615,59843.48,59843.48,8695.485,8695.485,25184.01,25184.01,2191.23,7987.47,16339.13,34659.47,2521.45,9938.87,68.4993171221802,50.362189264678,69.7387671421346,58.7437460067823,117.34,267,88.87,2021.4,37,0,88.37,20,56,0,69.5,884,457.08,3192.4
"44",44,87688,80784,545.425,478.045,365.61,757.78,179.815,265.69,168.99,109132,176172,577.875,1218.471,454.75,822.873,123.125,380.598,188.85,144.58,389736,934614,10255.866,44234.631,38,21.13,163216,326704,3964.24,12336.08,3230.74,11124.07,761.5,4885.25,41.17,26.48,346003,583105,14803.41,35040.455,23.37,16.64,260396,761872,1924.07,12786.6,1511.38,7873.85,412.69,4912.75,135.34,59.58,129340,172742,4657.926,13176.71,3707.21,8691.57,950.716,4485.14,27.77,13.11,346003,583105,1635.25,3076.95,211.59,189.51,125831,250900,2229.25,5386.13,1346.25,5099.38,883,2516,56.45,46.58,137038,1370.75,99.97,258144,492893,4564.085,12392.5,3997.71,10246.99,566.375,2145.51,56.56,39.77,295824,898420,3095.995,17052.85,2498.75,11276.46,597.245,5776.39,95.55,52.68,25367.328,25367.328,55892.973,55892.973,9812.45,9812.45,27228.22,27228.22,2390.69,8940.31,15554.878,28664.753,2083.776,8172.09,67.6839853528029,44.5728599682453,110.226001464396,58.8130436764808,104.5,231.5,153,2045.25,39.75,0,334.6,27.75,41.75,0,41.75,1340.48,715.35,3644.98
"45",45,97567,94142,515.125,629.785,357.18,856.84,157.945,288.07,149.48,92310,133158,546.219,1200.5,398.3765,758.38,147.8425,442.12,169,110.92,513091,809966,12181.6031,37090.91,42.12,21.84,171271,365749,4174.1,13131.5,2771.74,11895.74,1402.36,5236.86,41.03,27.85,384670,652223,15399.31,41692.455,24.98,15.64,380673,640167,3013.63,9908.61,2499.15,6119.78,514.48,3788.83,126.32,64.61,132418,169799,4566.778,11943.95,3599.93,7315.02,966.848,4628.93,29,14.22,384670,652223,1542.71,3267.75,249.35,199.59,133517,277004,2322.83,6357.75,1382.75,5839.5,940.08,2841.08,57.48,43.57,185517,1668.5,111.19,286361,559370,4735.765,16637.17,3976.18,12721.67,759.585,3915.5,60.47,33.62,364585,751242,4054.9761,14037.85,3463.8599,8804.35,591.1162,5233.5,89.91,53.52,26374.89,26374.89,54311.28,54311.28,12281.51,12281.51,31313.75,31313.75,3259.97,8487.85,14093.38,22997.53,2220.2867,9961.3164,73.1167478275111,37.8475533178838,99.2992016356794,58.037779680871,107.5,293.5,225.87,1514.5,46,0,216.58,166.5,46.5,63.25,47.5,1340,689.95,3377.75
"46",46,96981,106595,536.205,820.92,399.33,976.25,136.875,380.875,129.85,83199,98956,482.125,795.4,337.5,641.625,144.625,153.775,172.57,124.41,518788,802232,13124.2228,36380.82,39.53,22.05,218931,390954,4773.13,16015.74,3254.72,14551.71,1518.41,6007.66,45.87,24.41,422787,675272,18979.765,52707.98,22.28,12.81,379612,620734,3005.8728,9218.9,2384.3077,5771.4,621.5651,3447.5,126.29,67.33,139176,181498,4838.65,13184.4,3915.09,8972.62,923.56,4211.78,28.76,13.77,422787,675272,1907.3,3951.25,221.67,170.9,158916,280964,3214.295,7025.75,1979.92,6847.67,1234.375,3392.375,49.44,39.99,163547,2572.33,63.58,322975,548128,6081.64,22321.99,4878.14,17453.33,1203.5,4868.66,53.11,24.56,399909,769529,4797.575,13182.12,4061.2,8753.5,736.375,4428.62,83.36,58.38,26891.245,26891.245,63968.105,63968.105,14649.57,14649.57,39828.96,39828.96,4093.16,10512.11,12241.675,24139.145,2426.1251,10698.0977,63.4581196749093,28.2904353860426,91.5029263026308,62.134412971686,133.5,221,246.75,1295,37.25,0,236.625,241.66,51.75,10,106.5,1012.25,812.375,2779.91
"47",47,105400,110127,551.645,726.75,416.56,1031.06,135.085,247.335,151.53,71700,77771,368,485.25,264.5,355.5,103.5,129.75,194.84,160.27,260231,541261,6861.541,23464.79,37.93,23.07,189301,428769,5152.29,19512.23,3708.31,17950.81,1443.98,6516.23,36.74,21.97,429061,748538,20018.73,71946.955,21.43,10.4,152979,406597,1056.3827,5419.25,797.338,3141.85,259.0447,2277.4,144.81,75.03,107252,134664,3625.09,9279.89,2954.84,6191.67,670.25,3088.22,29.59,14.51,429061,748538,1856.58,4834.25,231.1,154.84,155868,309625,3378.24,8324.225,2042.99,7895.475,1335.25,3806.99,46.14,37.2,183299,2771.5,66.14,294688,614107,6445.245,35778,5365.41,26335,1079.835,9443,45.72,17.16,163929,554529,1812.0683,8280.4,1521.9058,5488.75,290.1625,2791.65,90.47,66.97,28300.575,28300.575,68390.115,68390.115,20013.555,20013.555,53212.345,53212.345,3994.15,11533.27,8287.02,15177.77,1322.9572,5538.5838,57.1808331987497,19.8394455516063,108.083310967826,72.1338406164974,119.5,295.625,292,1728,32.725,0,169.835,234.5,15,5,52.25,745.5,681.31,3008.625
"48",48,135771,147616,792.35,916.5,597.25,808.5,195.1,108,161.06,82518,79000,438.115,695.098,313.83,471.56,124.285,223.58,188.35,113.65,387274,572849,9640.72,28170.952,40.17,20.33,255641,513071,7420.808,20415.75,4965.99,14262.75,2454.818,5978,34.45,25.13,602780,972983,28433.108,72051.25,21.2,13.5,242125,389280,1860.39,5294.6,1363.155,3178.75,497.235,2115.85,130.15,73.52,145149,183569,5098.99,13816.75,4126.56,9278.15,972.43,4538.6,28.47,13.29,602780,977676,2618.25,5711.5,230.22,171.18,233207,442313,5034,10686,3302,7794,1732,2892,46.33,41.39,241233,3453.75,69.85,403840,833100,8603.3,30867.75,6959.725,24216.5,1643.575,6651.25,46.94,26.99,235337,563120,2243.225,8364.504,1739.06,5440.36,504.165,2924.44,104.91,67.32,25431.72,25431.72,65450.57,65450.57,15629.25,15629.25,47081.75,47081.75,6025.493,15824.965,9802.47,18368.82,2098.115,7542.605,57.4320031078212,30.8554079457593,118.543340270163,70.8772857792208,172.5,187,340.098,2366,72.875,0,281,279.5,30.5,12.75,69.42,713.5,966.393,3558.75
"49",49,119647,142940,845.69,752.35,641.69,720.6,204,31.75,189.99,29254,50594,155.0422,284.33,97.0572,210.75,57.985,75.58,188.68,177.94,434028,622058,12416.80361,28675.22,34.95,21.69,263390,510287,10107.76,18088,6632.02,13253.75,3475.74,4834.25,26.06,28.21,606260,1008144,40291.83,65305.05,15.05,15.44,255927,417174,1687.12,4913.45,1273.03,3059.75,414.09,1853.7,151.69,84.9,178101,204884,7127.94,14994.99,5572.04,9979.22,1555.9,5015.77,24.99,13.66,606260,1008144,3565.33,5450.7,170.04,184.96,257185,485757,7677.91,10441,5204.08,7522,2473.83,2919,33.5,46.52,260614,2911.5,89.51,447897,881188,13170,27536.5,10224.59,23748.22,2945.41,3788.28,34.01,32,364653,636399,3446.70141,8482.45,2727.94641,5659.65,718.755,2822.8,105.8,75.03,21341.13,21341.13,64153.94,64153.94,11573.28,11573.28,45244.57,45244.57,9098.98,22702.38,9767.85,18909.37,2746.73,9670.07361,40.4934755263565,36.2025320930331,109.365641381675,78.3632074718426,260,209.5,400,1852,76.5,0,318,290.75,13,3,67.0081,618.5,1134.5081,2973.75
"50",50,125190,146823,914.75,768.3,716.5,725.55,198.25,42.75,191.1,1535,67896,7.25,369.13,4,259.63,3.25,109.5,211.72,183.94,295419,439771,9436.26,22978.69,31.31,19.14,289076,553565,9826.24,18318.15,7791.66,13082.2,2034.58,5235.95,29.42,30.22,757815,1071102,48183.24,66552.94,15.73,16.09,143210,241863,932.5202,2860.45,649.8275,1668.2,282.6927,1192.25,153.57,84.55,152209,197908,6094.7,14192.36,4818.9,9490.05,1275.8,4702.31,24.97,13.95,757815,1071102,5629.25,5750.25,134.62,186.27,342618,515552,9229.75,10759,6750,7591.5,2479.75,3167.5,37.12,47.92,316891,3512,90.23,578736,920657,16044.42,27185.74,13361.42,23210,2683,3975.74,36.07,33.87,250367,424322,2401.7898,5556.75,1877.4592,3546.42,524.3306,2010.33,104.24,76.36,20436.33,20436.33,59573.55,59573.55,12421.94,12421.94,44609.25,44609.25,7395.58,28619.58,8014.39,14964.3,2086.0733,7350.1867,41.507102057471,38.1869668927998,104.565312702596,83.0624312338421,260.5,283.5,398,1904.2,83,0,305,166,0,16,36.992,405.5,1083.492,2775.2
"51",51,67363,124674,698.75,681.5,533,632.75,165.75,48.75,182.94,8888,44407,51.8357,243.5,44.7823,150,7.0534,93.5,171.46,182.37,189081,335774,6942.4303,19580.25,27.24,17.15,182621,489239,7210.03,16558.33,5410.41,11967.33,1799.62,4591,25.33,29.55,436341,917690,35162.78,56754.33,12.41,16.17,61009,159304,389.88,1926.55,301,1183.8,88.88,742.75,156.48,83.69,128072,176470,5018.55,13187.2,4073.25,8504.95,945.3,4682.25,25.52,13.38,436341,917690,3786.08,5047.75,115.25,181.8,213832,427414,6334,9266,4166.5,6375,2167.5,2891,33.76,46.13,271509,2949,92.07,298081,786677,11912.03,22214.25,10342.28,19172.25,1569.75,3042,25.02,35.41,164274,329856,1482.1646,4223,900.1542,2527.75,582.0104,1695.25,110.83,78.11,17786.5,17786.5,50513.83,50513.83,10572.75,10572.75,38147.33,38147.33,5702.62,20452.19,7213.75,12366.5,1623.2438,5319.1865,28.9786991764189,39.8043741742463,112.882637637033,83.7933504981529,282,300,465.12,1654.5,82,0,339.5,204.25,0,15,10.6313,374.75,1179.2513,2548.5
"52",52,67238,106978,415.775,472.23,308.65,445.23,107.125,27,226.54,36248,71607,177.6126,349,113.9597,244.5,63.6529,104.5,204.08,205.18,240121,242321,8722.2329,14358.25,27.53,16.88,155819,341560,3611.06,9967.75,2759.39,7287,851.67,2689.75,43.15,34.27,461579,493301,17842.46,25099.75,25.87,19.65,96671,181517,635,2247.1,470.5,1437.47,164.5,809.63,152.24,80.78,143450,168301,6407.461,11968.72,4965.35,7284.28,1442.111,4684.44,22.39,14.06,461579,640119,2074.58,3419.75,222.49,187.18,207440,301610,3422.17,5339.82,2319.75,3911.82,1102.42,1428,60.62,56.48,180407,2031.5,88.8,284868,543761,5424.205,11746.59,4950.08,10607.34,474.125,1139.25,52.52,46.29,176524,387502,1502.1593,4675.97,1089.939,2706.38,412.2203,1969.59,117.51,82.87,12852.16,12852.16,33924.02,33924.02,5284,5284,22251.39,22251.39,2535.34,10337.87,7568.16,11672.63,2082.4842,6639.7487,60.2923297682526,53.2571066600539,126.667198088026,91.3655205901727,139.5,59.5,243.75,1086.5,46.5,0,162.75,139.5,3.5,13,9.6263,409,605.6263,1707.5
